{
  "easingCurveWindowCollapsed" : true,
  "lastselectedPageIndex" : 0,
  "loopPlayBack" : true,
  "playbackSpeed" : 0.25,
  "playbackTime" : 0.49714263916015627,
  "relativeMode" : false,
  "sceneOffset" : [
    104.42307692307691,
    -34.615384615384642
  ],
  "sceneScale" : 0.8666666666666667,
  "timelineLength" : 1000
}