{
  "easingCurveWindowCollapsed" : true,
  "lastselectedPageIndex" : 0,
  "loopPlayBack" : true,
  "playbackSpeed" : 0.5,
  "playbackTime" : 0,
  "relativeMode" : false,
  "sceneOffset" : [
    -98.446236559139834,
    -51.392473118279554
  ],
  "sceneScale" : 0.76859504132231404,
  "timelineLength" : 420.51175244769655
}