{
  "easingCurveWindowCollapsed" : true,
  "lastselectedPageIndex" : 0,
  "loopPlayBack" : true,
  "playbackSpeed" : 0.25,
  "playbackTime" : 0.75043976306915283,
  "relativeMode" : false,
  "sceneOffset" : [
    -282.8388625592417,
    16.457819905213281
  ],
  "sceneScale" : 1.5114613180515759,
  "timelineLength" : 1000
}