{
  "easingCurveWindowCollapsed" : true,
  "lastselectedPageIndex" : 0,
  "loopPlayBack" : true,
  "playbackSpeed" : 0.25,
  "playbackTime" : 0.50806999206542969,
  "relativeMode" : false,
  "sceneOffset" : [
    -184.54110940944818,
    -161.11873696269407
  ],
  "sceneScale" : 0.97015895123489726,
  "timelineLength" : 642.14432487708393
}